x1,y1,z1,x2,y2,z2,x3,y3,z3,x4,y4,z4,x5,y5,z5,x6,y6,z6,x7,y7,z7,x8,y8,z8,x9,y9,z9,x10,y10,z10,x11,y11,z11,x12,y12,z12,x13,y13,z13,x14,y14,z14,x15,y15,z15,x16,y16,z16,x17,y17,z17,x18,y18,z18,x19,y19,z19,x20,y20,z20,x21,y21,z21,label
0.6035977602005005,0.5662885904312134,-4.767295820329309e-07,0.5564371943473816,0.553646445274353,-0.01475504320114851,0.5135332345962524,0.5101845264434814,-0.02272055111825466,0.4895718991756439,0.4707827568054199,-0.031436096876859665,0.4896998405456543,0.4329170286655426,-0.03475932031869888,0.536811113357544,0.4116530120372772,0.0021938765421509743,0.503748893737793,0.4092966914176941,-0.022305577993392944,0.514461874961853,0.4601185619831085,-0.03329774737358093,0.527064859867096,0.47349002957344055,-0.03743399307131767,0.5645632743835449,0.4044018089771271,-0.0004876261518802494,0.5293906331062317,0.4172881245613098,-0.02452605590224266,0.5409319400787354,0.4773602783679962,-0.023931777104735374,0.5551653504371643,0.47675448656082153,-0.017104534432291985,0.5934634804725647,0.4089477062225342,-0.008664024993777275,0.5619001388549805,0.4283931851387024,-0.03184881433844566,0.5683146119117737,0.48454561829566956,-0.01881062239408493,0.5810431838035583,0.48114213347435,-0.00392397353425622,0.622066080570221,0.4223838746547699,-0.019137609750032425,0.5939542651176453,0.44107821583747864,-0.030932661145925522,0.593311071395874,0.48094937205314636,-0.02210720255970955,0.6030401587486267,0.4813474118709564,-0.011513620615005493,rock
0.5627665519714355,0.6505357027053833,-4.755286227009492e-07,0.5462574362754822,0.5644517540931702,-0.006290487479418516,0.5353253483772278,0.4981808364391327,-0.02300279401242733,0.5139682292938232,0.46044889092445374,-0.040073901414871216,0.5009296536445618,0.4602910280227661,-0.054619308561086655,0.6101253032684326,0.44988417625427246,-0.029264429584145546,0.5280054211616516,0.43379196524620056,-0.04985523223876953,0.5256431102752686,0.47545066475868225,-0.05896545201539993,0.5469623804092407,0.48946064710617065,-0.06480099260807037,0.6166608333587646,0.4933088421821594,-0.039614513516426086,0.5162917375564575,0.48560747504234314,-0.0561877004802227,0.5256051421165466,0.5192594528198242,-0.056212808936834335,0.5487173199653625,0.5240989327430725,-0.0579959899187088,0.6115245819091797,0.542677640914917,-0.05002598464488983,0.517096221446991,0.5361268520355225,-0.06108487769961357,0.5290682911872864,0.5604942440986633,-0.052295468747615814,0.5527167916297913,0.5621132850646973,-0.048580776900053024,0.5989006757736206,0.5935318470001221,-0.06158102676272392,0.5260967016220093,0.5842595100402832,-0.06839986145496368,0.5361519455909729,0.5973671078681946,-0.06200641766190529,0.5597583651542664,0.5989611148834229,-0.057085052132606506,rock
0.5556201934814453,0.5963797569274902,-1.4178952767451847e-07,0.5454005002975464,0.5327867865562439,-0.020095564424991608,0.5319086909294128,0.4815116226673126,-0.04123697802424431,0.5094274282455444,0.4501982629299164,-0.05912749841809273,0.5060917139053345,0.4660705327987671,-0.0733906477689743,0.6071991324424744,0.44973358511924744,-0.04251110926270485,0.5286676287651062,0.43664929270744324,-0.06418364495038986,0.5278894305229187,0.4636475741863251,-0.07367732375860214,0.5488972663879395,0.4734542965888977,-0.07989225536584854,0.6151111721992493,0.4922296404838562,-0.04526366665959358,0.5173777341842651,0.4869964122772217,-0.06260085850954056,0.5300668478012085,0.5078750848770142,-0.06310080736875534,0.5546770095825195,0.5070195198059082,-0.06402066349983215,0.6105023622512817,0.5436258316040039,-0.04930971935391426,0.5185575485229492,0.5377248525619507,-0.0608353354036808,0.5335032343864441,0.550916314125061,-0.05144166573882103,0.5573541522026062,0.5514262318611145,-0.045726172626018524,0.5983863472938538,0.5950103402137756,-0.05598551779985428,0.5283464789390564,0.5847545266151428,-0.06693128496408463,0.5406391620635986,0.5896474123001099,-0.06418441236019135,0.5642688870429993,0.5890933275222778,-0.060493104159832,rock
0.4062332212924957,0.5883922576904297,-1.6973972094547207e-07,0.4214571714401245,0.5069378018379211,-0.0183748509734869,0.4615377187728882,0.4062175452709198,-0.03946299105882645,0.5083621740341187,0.3374645411968231,-0.05808919295668602,0.5390803217887878,0.29528388381004333,-0.07178115844726562,0.4121684730052948,0.36065253615379333,-0.06486139446496964,0.5272852778434753,0.3403618633747101,-0.09983355551958084,0.5256969928741455,0.38766512274742126,-0.1108795627951622,0.4964129328727722,0.40013933181762695,-0.11660882085561752,0.41827815771102905,0.4183214008808136,-0.07399503886699677,0.5451433062553406,0.4034951627254486,-0.10279355198144913,0.5326004028320312,0.44160473346710205,-0.09893407672643661,0.5008410215377808,0.4476243257522583,-0.09836965054273605,0.4346771836280823,0.48184025287628174,-0.08395618945360184,0.5543982982635498,0.46292829513549805,-0.10698660463094711,0.5349661111831665,0.4958665668964386,-0.0920417308807373,0.5027212500572205,0.500376284122467,-0.08378417044878006,0.4580775797367096,0.5428712368011475,-0.09552091360092163,0.5500032305717468,0.5235255360603333,-0.10848984867334366,0.5313284993171692,0.5456367135047913,-0.09927494823932648,0.4985077679157257,0.5513763427734375,-0.09384220093488693,rock
0.3683013319969177,0.6922653913497925,-2.215684133943796e-07,0.38735947012901306,0.6014893651008606,-0.012328270822763443,0.40584471821784973,0.5028082728385925,-0.025051064789295197,0.41551798582077026,0.4390793442726135,-0.037526488304138184,0.4193290174007416,0.42993056774139404,-0.046111248433589935,0.35255199670791626,0.4877359867095947,-0.03501281514763832,0.4408368170261383,0.4622354507446289,-0.06012347713112831,0.4390068054199219,0.504604160785675,-0.06911733001470566,0.416083425283432,0.5153490900993347,-0.07525830715894699,0.35345858335494995,0.5326973795890808,-0.043476782739162445,0.4551553726196289,0.5104305744171143,-0.06538178026676178,0.4423552453517914,0.5459101796150208,-0.06416619569063187,0.41706588864326477,0.5515426397323608,-0.06498514860868454,0.3647075891494751,0.5807684063911438,-0.05339319258928299,0.4612880349159241,0.5604445338249207,-0.0707848072052002,0.44637200236320496,0.590251624584198,-0.06225883215665817,0.42275333404541016,0.591855525970459,-0.05799975246191025,0.38393330574035645,0.6265659332275391,-0.06506089866161346,0.46106278896331787,0.6042354106903076,-0.07196193188428879,0.4480229318141937,0.6236289739608765,-0.06626494973897934,0.42286041378974915,0.6278547048568726,-0.06440942734479904,rock
0.2609712779521942,0.8145004510879517,-1.7007901931265224e-07,0.2568923234939575,0.7325399518013,-0.010895637795329094,0.27112627029418945,0.62891685962677,-0.026258382946252823,0.29413318634033203,0.549402117729187,-0.040166907012462616,0.31206461787223816,0.5128004550933838,-0.04912387207150459,0.23263618350028992,0.5845710039138794,-0.050727058202028275,0.3419162929058075,0.5427473783493042,-0.08093475550413132,0.34529903531074524,0.5948004722595215,-0.08791635930538177,0.3184627592563629,0.6138515472412109,-0.09150920063257217,0.2413991093635559,0.6223286986351013,-0.06101605296134949,0.36163607239723206,0.5912401080131531,-0.08778250217437744,0.3577900826931,0.6407347917556763,-0.08305054157972336,0.33177104592323303,0.6530739665031433,-0.08127053827047348,0.26053401827812195,0.6711602210998535,-0.07160548120737076,0.37507179379463196,0.6433352828025818,-0.09286762028932571,0.36693480610847473,0.688119113445282,-0.07815829664468765,0.34092235565185547,0.6975288987159729,-0.06966079026460648,0.28710389137268066,0.7224088311195374,-0.08327171206474304,0.37453514337539673,0.7033642530441284,-0.09416595101356506,0.36766162514686584,0.7367069125175476,-0.08583057671785355,0.3431081771850586,0.7437626123428345,-0.08108759671449661,rock
0.6192898750305176,0.7247800230979919,5.071265718470386e-07,0.5746056437492371,0.6610109210014343,-0.024487728253006935,0.5592462420463562,0.5714439749717712,-0.042111270129680634,0.5530976057052612,0.4995439350605011,-0.05734299123287201,0.5349458456039429,0.44145065546035767,-0.07465646415948868,0.6042239665985107,0.5381044149398804,-0.05295481160283089,0.6246288418769836,0.44716164469718933,-0.08477625250816345,0.6379210948944092,0.39015209674835205,-0.10519567877054214,0.6501039862632751,0.3364870250225067,-0.11923142522573471,0.6384190320968628,0.5575519800186157,-0.06085651367902756,0.6609541773796082,0.45566850900650024,-0.09208882600069046,0.6758838891983032,0.3848258852958679,-0.11320797353982925,0.6885563135147095,0.3190877437591553,-0.1276973932981491,0.6681947708129883,0.5935239791870117,-0.07000377029180527,0.6914469003677368,0.4980570077896118,-0.10156350582838058,0.7060375213623047,0.43605127930641174,-0.11905914545059204,0.7171028852462769,0.37689441442489624,-0.12956693768501282,0.6954523324966431,0.6397868394851685,-0.07989683747291565,0.7173581719398499,0.5699483752250671,-0.10935606062412262,0.7306853532791138,0.5195770859718323,-0.12197279930114746,0.7413994073867798,0.47102999687194824,-0.12933172285556793,paper
0.6685140132904053,0.6926020383834839,5.499433086697536e-07,0.6259700059890747,0.6364259719848633,-0.017846230417490005,0.6031855344772339,0.5538453459739685,-0.0327560193836689,0.5958862900733948,0.4850817918777466,-0.045581936836242676,0.5829835534095764,0.4257749021053314,-0.06064144894480705,0.6304049491882324,0.5315892100334167,-0.053432345390319824,0.6413900852203369,0.4524136781692505,-0.08602592349052429,0.6515299081802368,0.40167170763015747,-0.10668140649795532,0.661849319934845,0.3546587824821472,-0.12098962068557739,0.6578112840652466,0.5508963465690613,-0.06328079104423523,0.6724262833595276,0.46378564834594727,-0.09502233564853668,0.6817595958709717,0.401610791683197,-0.11361048370599747,0.6918599009513855,0.34750235080718994,-0.12704350054264069,0.6845815181732178,0.5842493176460266,-0.07379747182130814,0.6995331048965454,0.5043793320655823,-0.1054096668958664,0.7099137902259827,0.4513006806373596,-0.11883649230003357,0.7185201644897461,0.4020988941192627,-0.12739641964435577,0.7104041576385498,0.6268888115882874,-0.08460176736116409,0.7273414731025696,0.5719913244247437,-0.11533341556787491,0.7374911308288574,0.53108811378479,-0.1268482357263565,0.7448059320449829,0.4929654598236084,-0.13388682901859283,paper
0.7948291897773743,0.7848218679428101,-6.971461630200793e-08,0.7417713403701782,0.6711277961730957,-0.009121156297624111,0.7364670038223267,0.5622498989105225,-0.016123637557029724,0.7426652908325195,0.4807242155075073,-0.024845995008945465,0.7481288313865662,0.4175832271575928,-0.035208482295274734,0.7855619788169861,0.5772547125816345,-0.024017253890633583,0.7739454507827759,0.5276231169700623,-0.04817798733711243,0.7586892247200012,0.4946107864379883,-0.06917208433151245,0.7455483675003052,0.4566190242767334,-0.08705564588308334,0.7994086742401123,0.6197832822799683,-0.03634842857718468,0.782426118850708,0.5771395564079285,-0.06171966716647148,0.7602938413619995,0.5455193519592285,-0.08033660799264908,0.7388496994972229,0.5136127471923828,-0.09756182134151459,0.8066678047180176,0.6697225570678711,-0.05043266713619232,0.789649248123169,0.6389719247817993,-0.07471885532140732,0.7743884921073914,0.6115545630455017,-0.08515123277902603,0.7609717845916748,0.5841051936149597,-0.0952683538198471,0.806134819984436,0.7269818782806396,-0.06599380820989609,0.802752673625946,0.710812509059906,-0.08701398968696594,0.7995572686195374,0.6911597847938538,-0.09618861228227615,0.7996149659156799,0.6680935025215149,-0.10519688576459885,paper
0.38832002878189087,0.7379319667816162,1.703375573924859e-07,0.4246682822704315,0.6420983672142029,-0.0017349543049931526,0.43194082379341125,0.5417242050170898,-0.005132688675075769,0.434482604265213,0.4705444276332855,-0.010630584321916103,0.43593311309814453,0.4111637473106384,-0.018124481663107872,0.40414008498191833,0.5471099615097046,-0.023588594049215317,0.4003463089466095,0.48182442784309387,-0.04955791309475899,0.3979959487915039,0.43101948499679565,-0.06858941167593002,0.3958202004432678,0.38395050168037415,-0.08319414407014847,0.4008769094944,0.5710428357124329,-0.03873872756958008,0.39468124508857727,0.5002988576889038,-0.06696154922246933,0.3942641317844391,0.4465833902359009,-0.08794406056404114,0.3917100429534912,0.3946835398674011,-0.10447315871715546,0.4023745656013489,0.6080021858215332,-0.054024942219257355,0.3926571011543274,0.5450235605239868,-0.08307549357414246,0.38834649324417114,0.4985838234424591,-0.10035712271928787,0.38144299387931824,0.45162826776504517,-0.11230640113353729,0.4092511236667633,0.6543799042701721,-0.06893615424633026,0.40817680954933167,0.6089881062507629,-0.09486012905836105,0.4093764126300812,0.5762420296669006,-0.10858486592769623,0.40883752703666687,0.5460397601127625,-0.11894228309392929,paper
0.3826400637626648,0.7562742233276367,4.64830449686815e-08,0.40397998690605164,0.6745522022247314,-0.020686548203229904,0.403492271900177,0.5930114388465881,-0.03809084743261337,0.3942168653011322,0.5253933668136597,-0.05324047431349754,0.3949076235294342,0.46094760298728943,-0.07174494117498398,0.3915988504886627,0.610633134841919,-0.061944086104631424,0.3628239035606384,0.5641967058181763,-0.0990598127245903,0.3468935191631317,0.5312508344650269,-0.1254962682723999,0.336927592754364,0.4974861741065979,-0.14433956146240234,0.3807472586631775,0.6501266360282898,-0.07109759002923965,0.34653401374816895,0.6059972047805786,-0.10377936065196991,0.32435181736946106,0.5747754573822021,-0.12327635288238525,0.30547666549682617,0.5466795563697815,-0.1407211869955063,0.36933645606040955,0.7021573781967163,-0.08097836375236511,0.33951810002326965,0.6670265793800354,-0.11609849333763123,0.3151478171348572,0.6360093951225281,-0.1316397488117218,0.29404711723327637,0.6032935976982117,-0.1442551463842392,0.36003801226615906,0.7592242956161499,-0.09132391959428787,0.3434217870235443,0.750767707824707,-0.12514019012451172,0.332899808883667,0.7366832494735718,-0.13882960379123688,0.3200860321521759,0.7211621999740601,-0.14953042566776276,paper
0.3250361979007721,0.736465334892273,4.2235799924128514e-07,0.3655874729156494,0.648891270160675,-0.004807696677744389,0.3960943818092346,0.5596768260002136,-0.016106771305203438,0.4138950705528259,0.4976300597190857,-0.027894968166947365,0.4279724359512329,0.444082647562027,-0.04152657091617584,0.37964221835136414,0.5599315762519836,-0.05120115727186203,0.4063059091567993,0.4880024194717407,-0.08772245049476624,0.4267798960208893,0.4321068525314331,-0.11241231113672256,0.4475112557411194,0.3814561367034912,-0.13015322387218475,0.3762596547603607,0.5881958603858948,-0.067976213991642,0.3999527394771576,0.5107443332672119,-0.10919185727834702,0.41882073879241943,0.4475233554840088,-0.1361648142337799,0.43628761172294617,0.384891152381897,-0.15540017187595367,0.378130704164505,0.6327555775642395,-0.08253256976604462,0.39330410957336426,0.5616055130958557,-0.11949766427278519,0.401522159576416,0.5077406167984009,-0.1371193379163742,0.4076257646083832,0.4555409550666809,-0.14833718538284302,0.3871852159500122,0.6865243315696716,-0.09630665183067322,0.3944304585456848,0.6426088809967041,-0.12829691171646118,0.3994392156600952,0.6073561906814575,-0.14146000146865845,0.40357112884521484,0.5707991719245911,-0.15009705722332,paper
0.8663433790206909,0.8920424580574036,5.439153483166592e-07,0.8887877464294434,0.8129948377609253,-0.013100415468215942,0.8684598803520203,0.7389695644378662,-0.032764337956905365,0.8324985504150391,0.7107101678848267,-0.049395203590393066,0.7990071177482605,0.7064104676246643,-0.06695322692394257,0.8790956139564514,0.7423129081726074,-0.06600525230169296,0.8507269024848938,0.6985695958137512,-0.09827619045972824,0.8351852297782898,0.7012142539024353,-0.11582358181476593,0.831805408000946,0.7024829983711243,-0.12256013602018356,0.8472017049789429,0.7795025706291199,-0.06977814435958862,0.8207802176475525,0.6968641877174377,-0.09430975466966629,0.8123511075973511,0.6360397934913635,-0.09807290136814117,0.8164159655570984,0.5939820408821106,-0.09802525490522385,0.8074381947517395,0.8155634999275208,-0.07134886831045151,0.7639122009277344,0.7656707167625427,-0.09093179553747177,0.7677394151687622,0.7561982870101929,-0.0793088749051094,0.7849555015563965,0.7583258748054504,-0.06534900516271591,0.7734347581863403,0.8482410311698914,-0.0729377493262291,0.7452160716056824,0.8051046133041382,-0.07922694087028503,0.7547650337219238,0.7919458746910095,-0.061555031687021255,0.7711973786354065,0.790053129196167,-0.04477568343281746,scissors
0.4596233367919922,0.7481769323348999,6.271670827118214e-07,0.40762680768966675,0.6679473519325256,-0.007376380264759064,0.3296675682067871,0.6557686924934387,-0.02740178443491459,0.26711681485176086,0.6862897872924805,-0.04691445827484131,0.22074466943740845,0.7032391428947449,-0.06828172504901886,0.35991472005844116,0.6267247200012207,-0.06347320973873138,0.31042981147766113,0.5714414119720459,-0.09929373115301132,0.2833445072174072,0.5232948064804077,-0.11925537884235382,0.2647004723548889,0.47804540395736694,-0.13067370653152466,0.3633946180343628,0.6734386086463928,-0.07329969853162766,0.2970598340034485,0.6526072025299072,-0.10603941977024078,0.2484132945537567,0.6240081191062927,-0.1187010258436203,0.21380069851875305,0.597804069519043,-0.12880286574363708,0.3658371567726135,0.7342544198036194,-0.08056778460741043,0.2752898037433624,0.7369083166122437,-0.10768606513738632,0.26259708404541016,0.7419901490211487,-0.10147646069526672,0.2739495038986206,0.7457483410835266,-0.09338634461164474,0.3695572018623352,0.7972931265830994,-0.08724664896726608,0.2911769151687622,0.8028774261474609,-0.10490558296442032,0.26990407705307007,0.795770525932312,-0.10089125484228134,0.26985886693000793,0.7906431555747986,-0.09534715116024017,scissors
0.7189234495162964,0.6368852257728577,-1.0204676215153086e-07,0.6750965118408203,0.5828142166137695,-0.004407891537994146,0.6373631358146667,0.5385414958000183,-0.016224879771471024,0.6048261523246765,0.5322321057319641,-0.0303391944617033,0.585075318813324,0.5472253561019897,-0.04522043466567993,0.6680725812911987,0.47725749015808105,-0.02312292531132698,0.6454893350601196,0.4179292619228363,-0.040876735001802444,0.630814254283905,0.3823587894439697,-0.050254937261343,0.6204915642738342,0.350935697555542,-0.05825996771454811,0.694461464881897,0.49683716893196106,-0.03446066007018089,0.6374285221099854,0.49922358989715576,-0.05889981985092163,0.6108078956604004,0.531283974647522,-0.06204763054847717,0.6044996976852417,0.550567626953125,-0.06161047890782356,0.7084332704544067,0.5364565253257751,-0.04648852348327637,0.6394361853599548,0.5607064962387085,-0.06679700314998627,0.6239001154899597,0.5792459845542908,-0.060852471739053726,0.6275826692581177,0.5781014561653137,-0.05403834208846092,0.7136945724487305,0.5809789299964905,-0.0592028871178627,0.6515023112297058,0.595611572265625,-0.07042109221220016,0.6303482055664062,0.6040236353874207,-0.0643177181482315,0.6249977350234985,0.6011996269226074,-0.05815078690648079,scissors
0.25111624598503113,0.9375465512275696,4.3618410927592777e-07,0.28379034996032715,0.8595914840698242,-0.016801122575998306,0.34550708532333374,0.8078586459159851,-0.035884562879800797,0.41066238284111023,0.8056376576423645,-0.053599368780851364,0.4559073746204376,0.8222383856773376,-0.07044174522161484,0.30731117725372314,0.7651013731956482,-0.06020493060350418,0.3431054949760437,0.682334303855896,-0.08746402710676193,0.37450268864631653,0.6277616620063782,-0.10513117909431458,0.3990776538848877,0.5848081707954407,-0.11716176569461823,0.303657591342926,0.8154023885726929,-0.06947186589241028,0.365802139043808,0.7724633812904358,-0.09581071883440018,0.409837007522583,0.7469296455383301,-0.10723427683115005,0.4395714998245239,0.7324097752571106,-0.11538416147232056,0.30719149112701416,0.8877724409103394,-0.07771896570920944,0.38681572675704956,0.8664335012435913,-0.1031222939491272,0.4178122580051422,0.8532374501228333,-0.10595250129699707,0.4265872836112976,0.8408101797103882,-0.10495668649673462,0.3199562132358551,0.9626731872558594,-0.08678591251373291,0.4005223214626312,0.9503835439682007,-0.10402044653892517,0.42008399963378906,0.930757462978363,-0.10155466198921204,0.4195837676525116,0.9123245477676392,-0.09765227884054184,scissors
0.24775896966457367,0.9414251446723938,5.31961291017069e-07,0.2930248975753784,0.84967041015625,-0.012052617967128754,0.37035104632377625,0.7907187342643738,-0.037424229085445404,0.44441598653793335,0.7992009520530701,-0.061749689280986786,0.48480474948883057,0.8342106342315674,-0.08596957474946976,0.31293031573295593,0.7456578016281128,-0.08033305406570435,0.3477221727371216,0.6561985015869141,-0.11608108878135681,0.3620621860027313,0.5902978181838989,-0.13755126297473907,0.3704358637332916,0.531781792640686,-0.1536146104335785,0.29743120074272156,0.8001163005828857,-0.09576354175806046,0.36056265234947205,0.7562925219535828,-0.13622908294200897,0.40163126587867737,0.7282422780990601,-0.15311123430728912,0.42835837602615356,0.7080132961273193,-0.16555562615394592,0.2996412515640259,0.8681045770645142,-0.10828759521245956,0.4012278914451599,0.841874897480011,-0.14400410652160645,0.4500493109226227,0.8425653576850891,-0.1504029780626297,0.47047483921051025,0.8474230766296387,-0.15204018354415894,0.3167213499546051,0.9363768696784973,-0.12104670703411102,0.4059176445007324,0.9152573347091675,-0.14297975599765778,0.4423530101776123,0.906653642654419,-0.14468708634376526,0.4635428488254547,0.8979485034942627,-0.14520837366580963,scissors
0.25868895649909973,0.7024509310722351,6.190693966345862e-07,0.2971334159374237,0.5989063382148743,-0.030424131080508232,0.33564043045043945,0.5295234322547913,-0.06873863190412521,0.3785976767539978,0.5531550645828247,-0.1058398187160492,0.39363086223602295,0.6181403398513794,-0.141602024435997,0.2689923048019409,0.5050990581512451,-0.11223307996988297,0.2518320679664612,0.40006202459335327,-0.1702376753091812,0.24345724284648895,0.3266040086746216,-0.210541769862175,0.23327936232089996,0.2612178921699524,-0.2418220490217209,0.24579426646232605,0.565766453742981,-0.12728147208690643,0.23318955302238464,0.5346331596374512,-0.19670870900154114,0.2205163687467575,0.5022391080856323,-0.22402000427246094,0.20925596356391907,0.46909135580062866,-0.24170158803462982,0.24431894719600677,0.6348853707313538,-0.14150816202163696,0.31713664531707764,0.6232017278671265,-0.19127364456653595,0.3453862965106964,0.6169094443321228,-0.1880587637424469,0.34932035207748413,0.6102064847946167,-0.18283528089523315,0.2614295482635498,0.6948232650756836,-0.16024814546108246,0.3387826085090637,0.6829103827476501,-0.1996075063943863,0.3571094572544098,0.6679067611694336,-0.20337848365306854,0.35797202587127686,0.6533617973327637,-0.20348462462425232,scissors
0.7014884948730469,0.7182626724243164,-3.594076076751662e-07,0.679132342338562,0.6269849538803101,-0.0054543511942029,0.6575267314910889,0.5347662568092346,-0.01597781851887703,0.6306127905845642,0.48095622658729553,-0.026542197912931442,0.6066359877586365,0.4582189917564392,-0.03468731418251991,0.716773509979248,0.5041818022727966,-0.029526183381676674,0.6218349933624268,0.4873221218585968,-0.05330681800842285,0.6180676817893982,0.5327772498130798,-0.06227382272481918,0.6420198082923889,0.5483568906784058,-0.06739948689937592,0.7165912389755249,0.5571974515914917,-0.04047098010778427,0.6063460111618042,0.5425810217857361,-0.06279397755861282,0.6168401837348938,0.5799568891525269,-0.060989540070295334,0.6452277898788452,0.58818519115448,-0.05983654782176018,0.7046709060668945,0.6154356002807617,-0.05218455567955971,0.6028158068656921,0.5999600887298584,-0.07061728835105896,0.6174281239509583,0.6304214596748352,-0.05858808755874634,0.6480199098587036,0.6366063356399536,-0.05044994130730629,0.6869603991508484,0.6748872399330139,-0.06437958776950836,0.6076869964599609,0.6547802090644836,-0.07986241579055786,0.6204499006271362,0.6725446581840515,-0.07502198219299316,0.6491813659667969,0.6804361343383789,-0.06967391073703766,rock
0.70412278175354,0.8431353569030762,-2.7475482511363225e-07,0.6835936307907104,0.7404093742370605,-0.015795553103089333,0.6732029914855957,0.6565067768096924,-0.0352717749774456,0.659137487411499,0.6034071445465088,-0.052702005952596664,0.6605862975120544,0.5941154956817627,-0.06694439798593521,0.7575388550758362,0.6304418444633484,-0.04031999036669731,0.6537731885910034,0.6227939128875732,-0.06706541031599045,0.6504591107368469,0.6584441065788269,-0.08134142309427261,0.676913321018219,0.6687829494476318,-0.09063616394996643,0.7606300711631775,0.6910167932510376,-0.048799220472574234,0.6385586857795715,0.6816237568855286,-0.06866613775491714,0.649294912815094,0.7116219401359558,-0.06949595361948013,0.6787329316139221,0.7160220742225647,-0.0717470645904541,0.7497149705886841,0.757756233215332,-0.05846066772937775,0.6358849406242371,0.7433099150657654,-0.07146164029836655,0.650235116481781,0.7634460926055908,-0.05857900157570839,0.6779839396476746,0.7692338228225708,-0.051786527037620544,0.7295815348625183,0.8249927759170532,-0.07042960077524185,0.6426722407341003,0.8035095930099487,-0.08188343048095703,0.656868577003479,0.8121597170829773,-0.07541697472333908,0.6858146786689758,0.8165767192840576,-0.06935826689004898,rock
0.4848593473434448,0.7679389715194702,-3.7560832311100967e-07,0.46811023354530334,0.6802146434783936,-0.003641820279881358,0.42452457547187805,0.582303524017334,-0.015205536969006062,0.3708280324935913,0.5280733704566956,-0.026537450030446053,0.3269907236099243,0.5256105661392212,-0.03657834976911545,0.4467405378818512,0.5680023431777954,-0.03473442792892456,0.34036439657211304,0.5627970695495605,-0.06586245447397232,0.3517237603664398,0.5980891585350037,-0.07757077366113663,0.3789917528629303,0.6022818088531494,-0.08145228028297424,0.43958577513694763,0.6266365051269531,-0.04606156796216965,0.3262949287891388,0.6207525730133057,-0.07330650836229324,0.34514176845550537,0.6489724516868591,-0.06913793832063675,0.3770877420902252,0.6493279933929443,-0.06503099948167801,0.42533349990844727,0.6884742975234985,-0.05818251892924309,0.3236581087112427,0.6793745160102844,-0.08475981652736664,0.34602195024490356,0.7048692107200623,-0.06833308190107346,0.37992873787879944,0.7044962644577026,-0.05427628755569458,0.4068039655685425,0.7493487596511841,-0.07004150748252869,0.3309972882270813,0.7364879250526428,-0.08828124403953552,0.3515129089355469,0.7547199726104736,-0.07847116887569427,0.38147878646850586,0.7563101053237915,-0.06888306885957718,rock
0.3201056718826294,0.8343448638916016,-3.2813386496854946e-07,0.35341981053352356,0.7178679704666138,-0.011983358301222324,0.37718069553375244,0.6040830016136169,-0.028239207342267036,0.40233883261680603,0.5243459343910217,-0.04439464956521988,0.4254791736602783,0.479991614818573,-0.05623961240053177,0.2774004638195038,0.5416021347045898,-0.04866950586438179,0.41307950019836426,0.5279914736747742,-0.08249573409557343,0.42761310935020447,0.5911837220191956,-0.09707055985927582,0.39761754870414734,0.6164276599884033,-0.10784471035003662,0.26681625843048096,0.6126337647438049,-0.06202201172709465,0.42183107137680054,0.5999099016189575,-0.09342558681964874,0.4188075661659241,0.6546881794929504,-0.09656630456447601,0.38846173882484436,0.6704831719398499,-0.10258397459983826,0.27483823895454407,0.6908251643180847,-0.07592099905014038,0.42120492458343506,0.6776928901672363,-0.10118686407804489,0.41085487604141235,0.7222444415092468,-0.09218043833971024,0.37998491525650024,0.7343012094497681,-0.08876992017030716,0.29366448521614075,0.7664825320243835,-0.09190897643566132,0.4105985760688782,0.7503550052642822,-0.10807867348194122,0.4030546545982361,0.7774862051010132,-0.10513909161090851,0.3713141679763794,0.7885802984237671,-0.1041102409362793,rock
0.3388406038284302,0.798051118850708,-3.250852103064972e-07,0.36622288823127747,0.6717171669006348,-0.020144134759902954,0.3788873255252838,0.5537294745445251,-0.04096896946430206,0.3899233341217041,0.47128748893737793,-0.06107235699892044,0.38993901014328003,0.41700810194015503,-0.07661788165569305,0.24088433384895325,0.5061388611793518,-0.060441385954618454,0.38545456528663635,0.47511786222457886,-0.10667926073074341,0.39991116523742676,0.5323836207389832,-0.13233378529548645,0.3656027317047119,0.5583558678627014,-0.15050101280212402,0.2305169552564621,0.5944181084632874,-0.0736231654882431,0.40638184547424316,0.5624952912330627,-0.11484754830598831,0.4013306498527527,0.613760232925415,-0.12441432476043701,0.3669426441192627,0.6278546452522278,-0.13604317605495453,0.24738216400146484,0.6892393827438354,-0.0884680449962616,0.4161089062690735,0.6643441319465637,-0.12102928757667542,0.40174734592437744,0.7016069293022156,-0.11292058229446411,0.3651770055294037,0.7106531858444214,-0.11030876636505127,0.2748916447162628,0.7801746129989624,-0.10672380030155182,0.40430986881256104,0.7571111917495728,-0.1287461519241333,0.3903607428073883,0.7747436761856079,-0.12857884168624878,0.35024765133857727,0.7839220762252808,-0.12954282760620117,rock
0.369518518447876,0.8111307621002197,-1.3472219961840892e-07,0.3742135465145111,0.7150253653526306,-0.013956223614513874,0.3810347616672516,0.6146571636199951,-0.03093288652598858,0.3973901867866516,0.5474223494529724,-0.046458881348371506,0.41141074895858765,0.5217763185501099,-0.057801369577646255,0.3103308081626892,0.6021615266799927,-0.058381300419569016,0.41763007640838623,0.5558493137359619,-0.08700896799564362,0.43075746297836304,0.5985011458396912,-0.09261522442102432,0.40559452772140503,0.6234856247901917,-0.09644829481840134,0.31449368596076965,0.6634153127670288,-0.06886277347803116,0.44130194187164307,0.6164295077323914,-0.10006628930568695,0.43840935826301575,0.6575876474380493,-0.09904787689447403,0.4116865396499634,0.6726565361022949,-0.10065538436174393,0.3354420065879822,0.7260539531707764,-0.078883595764637,0.45488470792770386,0.6835412979125977,-0.10233302414417267,0.44239968061447144,0.7181161642074585,-0.09093986451625824,0.4132755398750305,0.7292152643203735,-0.08541670441627502,0.3634302020072937,0.7839688062667847,-0.0907498449087143,0.4580385088920593,0.7485314011573792,-0.1066100224852562,0.44588232040405273,0.7715383172035217,-0.10384305566549301,0.41458696126937866,0.7858893871307373,-0.10300164669752121,rock
0.6698935627937317,0.7480690479278564,7.047887606859149e-07,0.6452685594558716,0.6689031720161438,-0.01679183728992939,0.6330910921096802,0.5916447043418884,-0.03940590098500252,0.6317967772483826,0.5271356105804443,-0.05876246839761734,0.6230763792991638,0.4623149037361145,-0.08113054186105728,0.6351956725120544,0.6029469966888428,-0.08827531337738037,0.6553778052330017,0.5192627310752869,-0.13240459561347961,0.6644724011421204,0.46383053064346313,-0.15837028622627258,0.6717613935470581,0.41168057918548584,-0.1768445521593094,0.657226026058197,0.6346603035926819,-0.1015656441450119,0.6840647459030151,0.5563165545463562,-0.15065960586071014,0.7003175616264343,0.49779433012008667,-0.17726866900920868,0.7143236994743347,0.44221532344818115,-0.19691023230552673,0.6816337704658508,0.6767747402191162,-0.11212997138500214,0.707682728767395,0.6189945340156555,-0.15923680365085602,0.7243285179138184,0.5748944282531738,-0.17783965170383453,0.7388166785240173,0.5323575139045715,-0.19002482295036316,0.7059670686721802,0.7237778306007385,-0.1215844377875328,0.7290468811988831,0.6972867250442505,-0.16511493921279907,0.7492839097976685,0.6732719540596008,-0.1811007410287857,0.7680219411849976,0.6466631293296814,-0.1913008987903595,paper
0.658720850944519,0.6483971476554871,4.769243560076575e-07,0.6251822113990784,0.5787574052810669,-0.0019579497165977955,0.6095871925354004,0.5036409497261047,-0.01119995303452015,0.6052765846252441,0.4451610743999481,-0.021907368674874306,0.6027392745018005,0.39955851435661316,-0.034619543701410294,0.6055740714073181,0.4852563142776489,-0.034078676253557205,0.6019859313964844,0.411644846200943,-0.06325650960206985,0.5971147418022156,0.358611524105072,-0.0839039608836174,0.5951529145240784,0.31159472465515137,-0.09887642413377762,0.6168837547302246,0.5051696300506592,-0.050357285887002945,0.6153316497802734,0.43524736166000366,-0.08177831768989563,0.6112890839576721,0.3830699920654297,-0.10228239744901657,0.6090637445449829,0.3347012996673584,-0.11691490560770035,0.6328797340393066,0.5403715372085571,-0.06565748155117035,0.6354608535766602,0.48241573572158813,-0.09581948071718216,0.6351647973060608,0.43968454003334045,-0.10937899351119995,0.6341776847839355,0.3981124758720398,-0.11858353763818741,0.6491801142692566,0.5865904092788696,-0.08034316450357437,0.6591668725013733,0.5590857863426208,-0.10787414759397507,0.6654574871063232,0.5334703922271729,-0.11749088019132614,0.6700568199157715,0.5053085088729858,-0.1237582191824913,paper
0.6935106515884399,0.7071859836578369,5.042621751272236e-07,0.6508335471153259,0.6494321227073669,-0.002581881359219551,0.6322417855262756,0.5739393830299377,-0.007896862924098969,0.6293264031410217,0.5149586796760559,-0.015059392899274826,0.6298599243164062,0.4669533967971802,-0.02387898601591587,0.6302676796913147,0.5410455465316772,-0.01570737548172474,0.627750039100647,0.4651775658130646,-0.039073143154382706,0.6220980882644653,0.4082080125808716,-0.05738487467169762,0.6210110783576965,0.3575415015220642,-0.07035183906555176,0.6399538516998291,0.5511210560798645,-0.028942706063389778,0.6295560002326965,0.4757956862449646,-0.05061256140470505,0.6207051277160645,0.41493141651153564,-0.06889300793409348,0.6166485548019409,0.35704749822616577,-0.08239306509494781,0.6530482172966003,0.5766666531562805,-0.04258706048130989,0.6438493132591248,0.5140196084976196,-0.06419975310564041,0.6396244764328003,0.4679815173149109,-0.07766576111316681,0.6372956037521362,0.42341148853302,-0.08747383952140808,0.665475070476532,0.6147813200950623,-0.05636883154511452,0.6604811549186707,0.5873826146125793,-0.07716835290193558,0.6575524806976318,0.562593936920166,-0.08588571101427078,0.6554229259490967,0.5357012152671814,-0.09194055944681168,paper
0.3675984740257263,0.862016499042511,3.38163488322607e-07,0.39077484607696533,0.7962517738342285,-0.014863119460642338,0.39433372020721436,0.7093654870986938,-0.030413532629609108,0.38700300455093384,0.6381404399871826,-0.04460767284035683,0.3744666278362274,0.5764692425727844,-0.062344230711460114,0.40521934628486633,0.6659895181655884,-0.06048889085650444,0.39810970425605774,0.575929582118988,-0.0998067781329155,0.39149606227874756,0.5048247575759888,-0.12732146680355072,0.3868376612663269,0.44672080874443054,-0.14662981033325195,0.3910564184188843,0.6817588210105896,-0.07489077001810074,0.3794628977775574,0.5809116363525391,-0.11332333087921143,0.3706147372722626,0.5040470361709595,-0.13908158242702484,0.36430078744888306,0.4385215640068054,-0.15761429071426392,0.37143996357917786,0.718906044960022,-0.08865693211555481,0.3562149107456207,0.6292930841445923,-0.126841738820076,0.34570735692977905,0.5669568777084351,-0.14831575751304626,0.33820340037345886,0.5113246440887451,-0.1629842221736908,0.34778034687042236,0.7694157361984253,-0.10214859992265701,0.34137916564941406,0.727221667766571,-0.14238207042217255,0.3411114513874054,0.6943789720535278,-0.16049782931804657,0.34237605333328247,0.664100170135498,-0.17148618400096893,paper
0.3589349389076233,0.8601008057594299,4.421910944074625e-07,0.3946281969547272,0.7663502097129822,-0.01691715233027935,0.40564393997192383,0.6801938414573669,-0.03761862963438034,0.4142889380455017,0.6177976131439209,-0.05860418826341629,0.41429027915000916,0.557686984539032,-0.08450447767972946,0.3569473624229431,0.628258466720581,-0.06719747930765152,0.3384789824485779,0.5507187843322754,-0.11229699850082397,0.3290743827819824,0.49164581298828125,-0.14376874268054962,0.3226672410964966,0.4367852807044983,-0.16607458889484406,0.34055864810943604,0.6566655039787292,-0.08713199943304062,0.30316704511642456,0.5717273354530334,-0.13240987062454224,0.2884489893913269,0.5086421966552734,-0.16356417536735535,0.27754926681518555,0.449670672416687,-0.18618418276309967,0.33088791370391846,0.7136633396148682,-0.10702171921730042,0.2857913374900818,0.6431140899658203,-0.15305748581886292,0.2655211091041565,0.5858939290046692,-0.17946048080921173,0.25046736001968384,0.5295746326446533,-0.19757048785686493,0.3279688358306885,0.7870740294456482,-0.1267230063676834,0.2966924011707306,0.7514522671699524,-0.17194971442222595,0.28546255826950073,0.7152279615402222,-0.19251173734664917,0.2786986529827118,0.6762092113494873,-0.20604190230369568,paper
0.3225734829902649,0.7846421003341675,3.0647674975625705e-07,0.3488727807998657,0.6727465391159058,-0.007129928562790155,0.34701892733573914,0.5678380131721497,-0.02145274356007576,0.34005188941955566,0.4910377860069275,-0.036578092724084854,0.3301321864128113,0.42163732647895813,-0.05582593381404877,0.3352735638618469,0.5742709636688232,-0.06203094869852066,0.3276788592338562,0.5012187957763672,-0.10725361853837967,0.31972581148147583,0.43679970502853394,-0.1387633979320526,0.3163040280342102,0.38150113821029663,-0.1610879898071289,0.33219656348228455,0.6027865409851074,-0.08126708120107651,0.3224374055862427,0.5226547718048096,-0.12644489109516144,0.31767961382865906,0.4596930742263794,-0.1561710238456726,0.3148063123226166,0.4042079746723175,-0.17902955412864685,0.3329586982727051,0.647135853767395,-0.09914382547140121,0.3224072754383087,0.5787450671195984,-0.14103101193904877,0.3212001621723175,0.5260875821113586,-0.16166268289089203,0.3197507858276367,0.4802466332912445,-0.17680558562278748,0.33699479699134827,0.7022331953048706,-0.11635295301675797,0.335140198469162,0.6693012714385986,-0.1547156572341919,0.3345179557800293,0.6372907161712646,-0.17195700109004974,0.3334771990776062,0.6076306104660034,-0.18471351265907288,paper
0.7335013747215271,0.7091878652572632,2.9822479064023355e-07,0.6941695213317871,0.6563095450401306,-0.02032315358519554,0.6699068546295166,0.6090742945671082,-0.04219045862555504,0.6616678237915039,0.6060172915458679,-0.06442558020353317,0.6793369054794312,0.6283109188079834,-0.08660983294248581,0.7097599506378174,0.5394763946533203,-0.0533173605799675,0.7010655403137207,0.4532271921634674,-0.08300791680812836,0.6938953399658203,0.40331485867500305,-0.09948234260082245,0.6885256767272949,0.358623206615448,-0.11136116832494736,0.7440946698188782,0.5598596930503845,-0.0620557926595211,0.7228012084960938,0.5316741466522217,-0.09682834893465042,0.7039429545402527,0.5131405591964722,-0.10963395982980728,0.6892889142036438,0.4871630370616913,-0.11486351490020752,0.76637864112854,0.6024132966995239,-0.07107692956924438,0.7045130729675293,0.6384647488594055,-0.09756562113761902,0.6872572898864746,0.6568828225135803,-0.09440194815397263,0.6871221661567688,0.6542198657989502,-0.08785326778888702,0.7736026048660278,0.6522445678710938,-0.08278845995664597,0.7114218473434448,0.6813446283340454,-0.09774429351091385,0.6964205503463745,0.688274085521698,-0.09166797250509262,0.6990421414375305,0.6820780634880066,-0.0844937413930893,scissors
0.7347761988639832,0.6759282350540161,6.766456976947666e-07,0.6899685263633728,0.6216819882392883,-0.019064772874116898,0.6447765827178955,0.602652370929718,-0.0494384691119194,0.6098437309265137,0.6399619579315186,-0.0782887190580368,0.5937111377716064,0.6783283352851868,-0.10979685932397842,0.6819190979003906,0.5538858771324158,-0.08201229572296143,0.6542791128158569,0.49117374420166016,-0.11605718731880188,0.6407103538513184,0.4491092562675476,-0.13656429946422577,0.6316590309143066,0.40697193145751953,-0.1517001837491989,0.7041144371032715,0.5836247801780701,-0.08996017277240753,0.668522834777832,0.5616385340690613,-0.13186027109622955,0.6463122963905334,0.5338465571403503,-0.15014612674713135,0.6305553317070007,0.5048266053199768,-0.16258688271045685,0.7164972424507141,0.6283252835273743,-0.09495892375707626,0.6501783728599548,0.6549249291419983,-0.12564584612846375,0.6224542260169983,0.669450581073761,-0.12394223362207413,0.6098136305809021,0.6704532504081726,-0.12067821621894836,0.7183711528778076,0.6767043471336365,-0.10093756765127182,0.6638344526290894,0.6940236687660217,-0.1175156980752945,0.6420342922210693,0.6948121786117554,-0.11219926178455353,0.6341798901557922,0.6868610382080078,-0.10825689136981964,scissors
0.7247790694236755,0.6549108624458313,1.7330896184830635e-07,0.6827272176742554,0.6054210066795349,-0.006141120567917824,0.6457319855690002,0.5733034014701843,-0.020682279020547867,0.6150652170181274,0.5667075514793396,-0.03508460894227028,0.5989863276481628,0.5706822276115417,-0.05114592984318733,0.6844044923782349,0.5295258164405823,-0.041713081300258636,0.6582635641098022,0.4913921058177948,-0.06309819966554642,0.6409857869148254,0.46600091457366943,-0.07742493599653244,0.6271279454231262,0.44118934869766235,-0.08818415552377701,0.6982767581939697,0.556399405002594,-0.050708312541246414,0.6605566143989563,0.5382473468780518,-0.0735212042927742,0.6297289133071899,0.5253414511680603,-0.08329185843467712,0.6074564456939697,0.5130870342254639,-0.09154992550611496,0.7044999599456787,0.5963882803916931,-0.058357976377010345,0.653005063533783,0.5895738005638123,-0.07800345867872238,0.6278707981109619,0.5979123711585999,-0.07731547951698303,0.6171919107437134,0.6021868586540222,-0.07590723037719727,0.7040320634841919,0.641058087348938,-0.06604994088411331,0.6618126630783081,0.6346273422241211,-0.0813588947057724,0.6405905485153198,0.6341290473937988,-0.08085190504789352,0.631350576877594,0.6335592269897461,-0.07951222360134125,scissors
0.3461565375328064,0.7906821370124817,7.14550651537138e-07,0.3904193341732025,0.7028810381889343,-0.010579022578895092,0.43603625893592834,0.6486260890960693,-0.03914734721183777,0.47825613617897034,0.6524390578269958,-0.07096842676401138,0.4906335771083832,0.6847596764564514,-0.10039951652288437,0.4032082259654999,0.5781205296516418,-0.07117084413766861,0.4300147294998169,0.4787607192993164,-0.11002568900585175,0.4426904618740082,0.4143611788749695,-0.13552455604076385,0.4547877609729767,0.3555011451244354,-0.15622550249099731,0.37270334362983704,0.6211825013160706,-0.09132564812898636,0.43192043900489807,0.6005992889404297,-0.14385205507278442,0.47675377130508423,0.5716599822044373,-0.16823969781398773,0.5118082761764526,0.5476666688919067,-0.1841881424188614,0.36209049820899963,0.684313178062439,-0.10829852521419525,0.45582371950149536,0.7026503682136536,-0.14382825791835785,0.4872145652770996,0.7237159609794617,-0.1378229707479477,0.4917294383049011,0.7376677989959717,-0.13054342567920685,0.36814162135124207,0.7467238306999207,-0.12809334695339203,0.45215725898742676,0.7679144144058228,-0.14805752038955688,0.4775601029396057,0.7715991735458374,-0.14165210723876953,0.48335620760917664,0.7654363512992859,-0.1352526694536209,scissors
0.2742260992527008,0.7937556505203247,5.741754307564406e-07,0.32680365443229675,0.7130467891693115,-0.014349950477480888,0.38965609669685364,0.667023241519928,-0.04232671484351158,0.450066477060318,0.6885554790496826,-0.07042583078145981,0.48504170775413513,0.726209282875061,-0.09756115078926086,0.3440898656845093,0.607738733291626,-0.08037620782852173,0.38265442848205566,0.5184453725814819,-0.1159692332148552,0.4088684022426605,0.4623420834541321,-0.1367015540599823,0.4342081546783447,0.4183475375175476,-0.1522420346736908,0.3232947587966919,0.6539077758789062,-0.0970703586935997,0.36402428150177,0.6188369393348694,-0.1438978612422943,0.407227486371994,0.5977392196655273,-0.16294348239898682,0.44330519437789917,0.5892393589019775,-0.1748066544532776,0.31725960969924927,0.7161087393760681,-0.11120320111513138,0.4000502824783325,0.716673731803894,-0.15184487402439117,0.4524731934070587,0.7334609031677246,-0.1593151092529297,0.4832921624183655,0.7496082186698914,-0.16061842441558838,0.3259924054145813,0.7844355702400208,-0.12609347701072693,0.402770072221756,0.7839658856391907,-0.15089648962020874,0.43760430812835693,0.7891058921813965,-0.15278688073158264,0.4630126953125,0.7919757962226868,-0.1528525948524475,scissors
0.3442816138267517,0.9337900876998901,9.246763283954351e-07,0.3845553696155548,0.8703746795654297,-0.04211410880088806,0.4077151119709015,0.811909019947052,-0.07965750247240067,0.41419368982315063,0.7839803099632263,-0.11578661948442459,0.4031830430030823,0.7642463445663452,-0.14993271231651306,0.3341832756996155,0.7161045074462891,-0.09081867337226868,0.33007603883743286,0.6079747676849365,-0.14364275336265564,0.33524423837661743,0.5367052555084229,-0.17497777938842773,0.34000256657600403,0.4744860827922821,-0.1949116587638855,0.29106584191322327,0.7644315958023071,-0.09874238073825836,0.31985801458358765,0.726218044757843,-0.16466587781906128,0.35486653447151184,0.6937054991722107,-0.1899302899837494,0.3832150101661682,0.6652932167053223,-0.19992494583129883,0.26832202076911926,0.8319383263587952,-0.10812650620937347,0.3565842807292938,0.8495622277259827,-0.1690344363451004,0.4097576141357422,0.8740845918655396,-0.16759273409843445,0.43946945667266846,0.8920060992240906,-0.15462720394134521,0.2647775411605835,0.9053096771240234,-0.12164716422557831,0.3475397229194641,0.9225810170173645,-0.16198833286762238,0.3987818658351898,0.9302839040756226,-0.15801261365413666,0.42771023511886597,0.9335538148880005,-0.14669552445411682,scissors
0.4256736934185028,0.6356651782989502,-5.153911502020492e-07,0.507110059261322,0.5527011156082153,0.001449264818802476,0.5286471247673035,0.46940669417381287,-0.002848760923370719,0.5439649224281311,0.411496639251709,-0.011667173355817795,0.5576951503753662,0.3649960160255432,-0.013886617496609688,0.4113474190235138,0.3567904233932495,0.01997237652540207,0.5290787220001221,0.35772189497947693,-0.009740532375872135,0.5314655303955078,0.4347223937511444,-0.031800441443920135,0.4987417459487915,0.4583421051502228,-0.04743487387895584,0.40407514572143555,0.3543550372123718,0.00274462578818202,0.5383111834526062,0.34701982140541077,-0.03019884042441845,0.5364446043968201,0.43597573041915894,-0.03964243456721306,0.5036599040031433,0.46129825711250305,-0.040787722915410995,0.41263940930366516,0.366178035736084,-0.0185506884008646,0.5417346358299255,0.3645239472389221,-0.048616163432598114,0.538001298904419,0.44994738698005676,-0.04092000797390938,0.5032159090042114,0.47371405363082886,-0.03041057288646698,0.4319324195384979,0.39155054092407227,-0.04103691875934601,0.5289964079856873,0.398320734500885,-0.05875181406736374,0.5253535509109497,0.46079570055007935,-0.052015483379364014,0.4957329034805298,0.4788496494293213,-0.04405580833554268,rock
0.5425662994384766,0.5494800806045532,-3.8170145444382797e-07,0.531203031539917,0.487826943397522,0.0165107324719429,0.5383177399635315,0.41557547450065613,0.01565827988088131,0.5684095025062561,0.3723200261592865,0.00845295749604702,0.5994997024536133,0.35541144013404846,0.00392870930954814,0.5118788480758667,0.342475950717926,0.014651322737336159,0.6048967838287354,0.3297766447067261,-0.00254325894638896,0.6170076131820679,0.38683173060417175,-0.013230917043983936,0.5970888137817383,0.41286543011665344,-0.02092541940510273,0.5295032262802124,0.33272236585617065,-0.004357827361673117,0.6333915591239929,0.3292965292930603,-0.018226655200123787,0.6372476816177368,0.39132463932037354,-0.019047459587454796,0.6158008575439453,0.41673412919044495,-0.018899226561188698,0.5577985048294067,0.33511883020401,-0.02421116642653942,0.6618552803993225,0.34018921852111816,-0.03629389777779579,0.6598843932151794,0.4051750600337982,-0.027674438431859016,0.6341192722320557,0.42953526973724365,-0.020891660824418068,0.5933077931404114,0.35014110803604126,-0.04402061924338341,0.6773683428764343,0.3603116571903229,-0.047434743493795395,0.6716440320014954,0.40766310691833496,-0.039190709590911865,0.6450379490852356,0.4251692593097687,-0.033021338284015656,rock
0.6226154565811157,0.6369795799255371,-3.343851062709291e-07,0.6018570065498352,0.5395607352256775,0.02878786250948906,0.6145343780517578,0.456969678401947,0.029694093391299248,0.6513305902481079,0.4163188934326172,0.02042345143854618,0.6897503137588501,0.40095189213752747,0.012117193080484867,0.5964903831481934,0.38616201281547546,0.020862145349383354,0.6927407383918762,0.3685341477394104,0.006252075079828501,0.7221303582191467,0.4293360710144043,-0.0004331253585405648,0.7202295660972595,0.4786357283592224,-0.002259492874145508,0.6174201369285583,0.3815850615501404,-0.003610636806115508,0.7207770347595215,0.378823459148407,-0.013382825069129467,0.7395776510238647,0.45264461636543274,-0.011201348155736923,0.732970118522644,0.5085363388061523,-0.005795312579721212,0.6460902094841003,0.3932275176048279,-0.027260692790150642,0.7483747601509094,0.40355923771858215,-0.03652044013142586,0.7581823468208313,0.4851999282836914,-0.024803947657346725,0.7462190389633179,0.5387592911720276,-0.012184815481305122,0.680996835231781,0.4194404184818268,-0.049692120403051376,0.7653013467788696,0.4284943640232086,-0.04830528050661087,0.7666359543800354,0.48275458812713623,-0.03379397466778755,0.7479661703109741,0.517830491065979,-0.0203399620950222,rock
0.8917462229728699,0.6996036171913147,-5.253874633126543e-07,0.8086085319519043,0.5884656310081482,-0.02396773360669613,0.7649980187416077,0.48210909962654114,-0.048203255981206894,0.7424855828285217,0.4066751003265381,-0.07107268273830414,0.7590620517730713,0.4191111922264099,-0.08636705577373505,0.91422438621521,0.3587396442890167,-0.02600199356675148,0.7962008118629456,0.35273611545562744,-0.06390877813100815,0.7963131666183472,0.4193574786186218,-0.08507028222084045,0.8279990553855896,0.43105611205101013,-0.09798498451709747,0.9439013004302979,0.40765613317489624,-0.03563094511628151,0.8033778667449951,0.41796380281448364,-0.07047972828149796,0.8113186359405518,0.47415852546691895,-0.07362188398838043,0.8447084426879883,0.4780661463737488,-0.07275386899709702,0.9541373252868652,0.47634318470954895,-0.05070916563272476,0.8198977112770081,0.4867700934410095,-0.08090656995773315,0.8261754512786865,0.5350945591926575,-0.06836260110139847,0.8590909838676453,0.5372288823127747,-0.0563674233853817,0.9482209086418152,0.555245041847229,-0.06955403089523315,0.8417907357215881,0.5606893301010132,-0.0889168530702591,0.8472620844841003,0.5938495993614197,-0.08333832025527954,0.8782773017883301,0.5985415577888489,-0.07484859973192215,rock
0.7690585851669312,0.5820057988166809,-6.3574611885997e-07,0.7030261754989624,0.504584550857544,-0.009643751196563244,0.6751657128334045,0.4267188608646393,-0.025703107938170433,0.6548722386360168,0.36766013503074646,-0.04409299045801163,0.6526758670806885,0.31251227855682373,-0.05539863184094429,0.8077021241188049,0.30888861417770386,0.004861120134592056,0.6937729716300964,0.2810518145561218,-0.02872309647500515,0.6867619156837463,0.35358330607414246,-0.05349825322628021,0.7122648358345032,0.3887275457382202,-0.0680815577507019,0.808088481426239,0.30929863452911377,-0.005896038841456175,0.6793485283851624,0.28570303320884705,-0.04151393845677376,0.6786632537841797,0.3641420602798462,-0.05255771428346634,0.7103158831596375,0.39088353514671326,-0.054905716329813004,0.7930616140365601,0.3227626085281372,-0.0209504384547472,0.6719202995300293,0.3006942868232727,-0.04993731528520584,0.673041045665741,0.38036876916885376,-0.03886691480875015,0.7054582238197327,0.40507280826568604,-0.027257734909653664,0.7675259113311768,0.34782373905181885,-0.03878822550177574,0.6735371351242065,0.34161174297332764,-0.06264408677816391,0.6768500804901123,0.39963218569755554,-0.05880969390273094,0.7088030576705933,0.4209560751914978,-0.049902550876140594,rock
0.7368404269218445,0.5665500164031982,-6.170983510855876e-07,0.6592808961868286,0.5023220181465149,-0.00692287553101778,0.6314821243286133,0.424019992351532,-0.017582569271326065,0.6116681098937988,0.36628520488739014,-0.030995473265647888,0.6026058197021484,0.31293025612831116,-0.038637567311525345,0.740663468837738,0.29308101534843445,0.011153620667755604,0.6410340666770935,0.27893170714378357,-0.018546387553215027,0.6394037008285522,0.34530603885650635,-0.04182940348982811,0.6642953753471375,0.3797569274902344,-0.05481674149632454,0.7423912882804871,0.29433202743530273,0.0010177091462537646,0.633301317691803,0.2809717059135437,-0.03121982142329216,0.6335419416427612,0.3519201874732971,-0.04263327643275261,0.6616732478141785,0.382943719625473,-0.04387902095913887,0.7322582006454468,0.3106234669685364,-0.013246620073914528,0.6270083785057068,0.3009808659553528,-0.04047930985689163,0.6280360221862793,0.3713725507259369,-0.03339565545320511,0.6565608382225037,0.3977780342102051,-0.022986749187111855,0.7128617167472839,0.33951038122177124,-0.02987733855843544,0.6295470595359802,0.34334737062454224,-0.051195528358221054,0.631752610206604,0.39652541279792786,-0.04847869277000427,0.6592106819152832,0.4181363880634308,-0.04003860056400299,rock
0.7688325047492981,0.5602173209190369,-6.763866622350179e-07,0.6944800019264221,0.4886854588985443,-0.011568681336939335,0.6614437699317932,0.4103523790836334,-0.028397060930728912,0.6418896317481995,0.34916362166404724,-0.04743904247879982,0.6455499529838562,0.3022785186767578,-0.059331174939870834,0.7880755662918091,0.28348368406295776,0.0014098557876423001,0.6743891835212708,0.2717830538749695,-0.03579549118876457,0.6766821146011353,0.34274646639823914,-0.06114719808101654,0.7053594589233398,0.3667425215244293,-0.07538387924432755,0.7942076325416565,0.2867620587348938,-0.00876615010201931,0.6649596691131592,0.28109049797058105,-0.0484524630010128,0.6711785197257996,0.35817891359329224,-0.059261344373226166,0.7048166394233704,0.3761923611164093,-0.06035715714097023,0.7854746580123901,0.30525511503219604,-0.023672018200159073,0.662702739238739,0.30398592352867126,-0.05650028586387634,0.6699954867362976,0.3793139159679413,-0.045191068202257156,0.704764723777771,0.3958500921726227,-0.031977009028196335,0.7646565437316895,0.335581511259079,-0.04128694161772728,0.6692147254943848,0.34385207295417786,-0.06592849642038345,0.6773144006729126,0.3986641764640808,-0.06157209351658821,0.7119810581207275,0.41245564818382263,-0.0519745834171772,rock